id,label,full_name,is_private
953293389,iss,International Space Station,False
555771544,astro_andreas,Andreas Mogensen,False
15230646745,nasa_es,NASA en Espa√É¬±ol,False
182988865,nasaames,NASA Ames,False
7014934862,nasawallops,NASA's Wallops Flight Facility,False
5667074962,astro_farmerbob,Bob √¢‚Ç¨≈ìFarmer√¢‚Ç¨ Hines,False
25420866,zenanaut,Zena Cardman,False
5608777128,astrojaws,Jasmin Moghbeli,False
1914013868,matthew.dominick,Matthew Dominick,False
8518528060,astrohague,NASA Astronaut Nick Hague,False
3139051678,astro_kimbrough,Shane Kimbrough,False
47617339510,astro_illini,Mike Hopkins,False
10838378466,astrovicglover,Victor Glover,False
4608587081,esamatthiasmaurer,Matthias Maurer,False
13062980511,astromarshburn,Tom Marshburn,False
549403870,nasakennedy,NASA's Kennedy Space Center,False
39449659404,astro.megan,Megan McArthur,False
757149008,nasa_marshall,Marshall Space Flight Center,False
14191313041,astro_watkins,Jessica Watkins,False
19511341806,jonnykimusa,Jonny Kim,False
8783763777,astro.doug,NASA Astronaut Doug Hurley,False
9729644846,whoburg,Woody Hoburg,False
4181026757,jeanette.epps,"Jeanette Epps, PhD",False
7059434337,astro_raja,NASA Astronaut Raja Chari,False
8470428372,astro_cassada,NASA Astronaut Josh Cassada,False
7203080199,astro_kayla,Kayla Barron,False
6942082963,astrodrewmorgan,NASA Astronaut Andrew Morgan,False
2211538156,astro_christina,Christina Hammock Koch,False
4092263381,astro_jessica,Jessica Meir,False
8328756214,nasaastronauts,NASA Astronauts,False
6112965158,astro_ricky,NASA Astronaut Ricky Arnold,False
4261771978,astro_feustel,NASA Astronaut Drew Feustel,False
3428506045,astro2fish,"Astronaut Jack ""2fish"" Fischer",False
2229408638,orbital_atk,Orbital ATK,False
2314514217,bigelowspace,Bigelow Aerospace,False
1467821596,ulalaunch,United Launch Alliance,False
1332348075,nasachandraxray,NASA Chandra X-ray Observatory,False
24627518,cnes_france,CNES,False
3517229058,canadianspaceagency,Canadian Space Agency,False
1381674809,issnationallab,ISS National Lab,False
20311520,spacex,SpaceX,False
555375076,thom_astro,Thomas Pesquet,False
4265844763,astrokomrade,NASA Astronaut Randy Bresnik,False
1387463011,europeanspaceagency,ESA - European Space Agency,False
2074163374,astro_kjell,Kjell Lindgren,False
1496020093,stationcdrkelly,SCOTT KELLY,False
673882723,nasajohnson,NASA Johnson Space Center,False
481149732,noaa,NOAA,False
582986390,nasajpl,NASA Jet Propulsion Laboratory,False
528817151,nasa,NASA,False
3808579,nasagoddard,NASA Goddard,False
1104426670,nasaartemis,NASA Artemis,False
4302013048,michelleobama,Michelle Obama,False
48617432880,highergroundmedia,Higher Ground,False
1974847033,mbk_alliance,My Brother's Keeper Alliance,False
45478896474,wafflesandmochiofficial,Waffles + Mochi,False
1300969526,reachhigher,Reach Higher,False
4909593877,valeriebjarrett,Valerie Jarrett,False
12773096000,craigmalrob,Craig Robinson,False
7961986329,whenweallvote,When We All Vote,False
8685311112,girlsopportunityalliance,Girls Opportunity Alliance,False
10206720,barackobama,Barack Obama,False
2220445743,bettermakeroom,Better Make Room üéì,False
260014791,blackgirlsrock,BLACK GIRLS ROCK!,False
1682238760,obamafoundation,Obama Foundation,False
528817151,nasa,NASA,False
50101577629,astro_anil,Anil | Astronaut Space Doctor,False
51259971722,astro_berrios,Marcos Berr√É¬≠os,False
51290404867,astro_ayers,Nichole √¢‚Ç¨≈ìVapor√¢‚Ç¨ Ayers,False
13062980511,astromarshburn,Tom Marshburn,False
47617339510,astro_illini,Mike Hopkins,False
5435768227,astro_seal,Chris Cassidy,False
10838378466,astrovicglover,Victor Glover,False
39449659404,astro.megan,Megan McArthur,False
8783763777,astro.doug,NASA Astronaut Doug Hurley,False
8339147707,nasaflightdirectors,NASA Flight Directors,False
6942082963,astrodrewmorgan,NASA Astronaut Andrew Morgan,False
9729644846,whoburg,Woody Hoburg,False
14191313041,astro_watkins,Jessica Watkins,False
19511341806,jonnykimusa,Jonny Kim,False
15230646745,nasa_es,NASA en Espa√É¬±ol,False
7014934862,nasawallops,NASA's Wallops Flight Facility,False
8518528060,astrohague,NASA Astronaut Nick Hague,False
5884731638,nasainternships,NASA Internships,False
2315448287,astro_timpeake,Tim Peake,False
1409031297,spacegovuk,UK Space Agency,False
3134541834,germanaerospacecenter,DLR,False
5828850083,astro_alex_esa,Alexander Gerst,False
4608587081,esamatthiasmaurer,Matthias Maurer,False
2237083937,agenziaspazialeitaliana,ASI,False
8603584855,hubbleesa,Hubble Space Telescope,False
9007836207,nasaivv,NASA√¢‚Ç¨‚Ñ¢s IV&V Program,False
7059434337,astro_raja,NASA Astronaut Raja Chari,False
1914013868,matthew.dominick,Matthew Dominick,False
8328756214,nasaastronauts,NASA Astronauts,False
3443079229,jaxajp,JAXA√Ø¬ºÀÜ√•¬Æ‚Ä°√•¬Æ‚Ñ¢√®ÀÜ¬™√ß¬©¬∫√ß¬†‚Äù√ß¬©¬∂√©‚Äì‚Äπ√ß‚Ñ¢¬∫√¶¬©≈∏√¶¬ß‚Äπ√Ø¬º‚Ä∞,False
5667074962,astro_farmerbob,Bob √¢‚Ç¨≈ìFarmer√¢‚Ç¨ Hines,False
555375076,thom_astro,Thomas Pesquet,False
4181026757,jeanette.epps,"Jeanette Epps, PhD",False
25420866,zenanaut,Zena Cardman,False
4092263381,astro_jessica,Jessica Meir,False
2211538156,astro_christina,Christina Hammock Koch,False
3645889520,astro_maker,Scott Tingle,False
7203080199,astro_kayla,Kayla Barron,False
5608777128,astrojaws,Jasmin Moghbeli,False
4265844763,astrokomrade,NASA Astronaut Randy Bresnik,False
4261771978,astro_feustel,NASA Astronaut Drew Feustel,False
6112965158,astro_ricky,NASA Astronaut Ricky Arnold,False
7353100468,nasaaero,NASA Aeronautics,False
1210974752,nasaastromaterials,NASA Astromaterials,False
354812686,nasaearth,NASA Earth Observatory,False
1611722079,nasasolarsystem,NASA Solar System Exploration,False
5951848929,nasahubble,Hubble Space Telescope,False
1387463011,europeanspaceagency,ESA - European Space Agency,False
3517229058,canadianspaceagency,Canadian Space Agency,False
3139051678,astro_kimbrough,Shane Kimbrough,False
202832172,nasaprize,NASAPrize,False
1131654366,nasaarmstrong,NASA Armstrong,False
2074163374,astro_kjell,Kjell Lindgren,False
1651393676,nasaclimatechange,NASA Climate Change,False
1042661255,nasajpl_edu,NASAJPL Edu,False
2068678099,thirdrockradio,Third Rock Radio,False
24627518,cnes_france,CNES,False
1499251766,nasajscstudents,NASA JSC Students,False
1381674809,issnationallab,ISS National Lab,False
1332348075,nasachandraxray,NASA Chandra X-ray Observatory,False
1104426670,nasaartemis,NASA Artemis,False
757149008,nasa_marshall,Marshall Space Flight Center,False
953293389,iss,International Space Station,False
553920976,nasa_langley,NASA Langley Research Center,False
795845883,nasaglenn,NASA Glenn,False
694816689,nasastennis,Stennis Space Center,False
673882723,nasajohnson,NASA Johnson Space Center,False
549313808,nasawebb,NASA Webb Telescope,False
582986390,nasajpl,NASA Jet Propulsion Laboratory,False
666621821,sofiatelescope,SOFIA Telescope,False
549403870,nasakennedy,NASA's Kennedy Space Center,False
208094410,airandspacemuseum,National Air and Space Museum,False
184959271,kennedyspacecenter,Kennedy Space Center VC,False
481149732,noaa,NOAA,False
182988865,nasaames,NASA Ames,False
3808579,nasagoddard,NASA Goddard,False
5435768227,astro_seal,Chris Cassidy,False
26001972934,_ryleeg_,üåª Rylee Gould üåª,True
1214339257,stphilips1600,St.Philip's School & Comm Ctr,False
1811559466,florent.groberg,Florent Groberg,True
23924392,chiksdigscars,Kyle Carpenter,False
1245610378,mimicalacool,Michelle McCool-Calaway,False
7890607832,undertaker,Undertaker,False
623961182,laurawbush,Laura Bush,False
9338185,cjonescowboys,Charlotte Jones,False
146190302,cityofarlington,"City of Arlington, TX",False
531790154,georgewbush,George W. Bush,False
4302013048,michelleobama,Michelle Obama,False
182128586,sensusancollins,Senator Susan Collins,False
44009967203,commandermla,Michael L√É¬≥pez-Alegr√É¬≠a,False
7381885500,mohmuseum,National Medal of Honor Museum,False
45773423427,thisis.mikehayes,Mike Hayes,False
2115124223,usnavycno,Chief of Naval Operations,False
39873636091,the.hallfamily,,False
2625594249,trekkrlife,Trekkrlife,False
1397581411,amandascgorman,Amanda Gorman,False
290941879,imlindork,Linda Phan,False
26050308423,usnacommandant,USNA Commandant,False
11302171949,astro_pettit,Don Pettit,False
39449659404,astro.megan,Megan McArthur,False
5630155732,thisisbillgates,Bill Gates,False
198945880,schwarzenegger,Arnold Schwarzenegger,False
7724737754,johntravolta,John Travolta,False
9678858167,morganfreeman,Morgan Freeman,False
5812210,goodmorningamerica,Good Morning America,False
5814140,todayshow,TODAY,False
256130094,mrdrewscott,Drew Scott,False
520870795,uscg,U.S. Coast Guard,False
2978746441,thejointstaff,The Joint Staff üá∫üá∏,False
489150765,marines,United States Marine Corps,False
505746809,usarmy,United States Army,False
196849458,usairforce,U.S. Air Force,False
30625364420,zed.pix.20,Frank Moss,False
2267239477,johnkrasinski,John Krasinski,False
32294260531,_humanitystrong,Humanity Strong,False
1758466516,tomhanks,Tom Hanks,False
32224920614,somegoodnews,Some Good News,False
25420866,zenanaut,Zena Cardman,False
5667074962,astro_farmerbob,Bob √¢‚Ç¨≈ìFarmer√¢‚Ç¨ Hines,False
10344151006,newspaceenterprise,New Space Enterprise,False
285869693,ospreypacks,Osprey Packs,False
1255954433,suunto,Suunto,False
1582639804,garminoutdoor,Garmin Outdoor,False
9211195,garmin,Garmin,False
184246043,girocycling,Giro Cycling,False
19057863,cervelo,Cerve√ålo,False
27729159889,astro_peggy,Peggy Whitson,False
217723373,cnn,CNN,False
409161503,chrisccuomo,,False
7190583028,pcassidy211,PCassidy,True
3128984475,j_corden,James Corden,False
4051527,malibubirds,Katie Diamond,True
25025320,instagram,Instagram,False
13062980511,astromarshburn,Tom Marshburn,False
1235060517,mikerowe,Mike Rowe,False
4114198222,storytelleroverland,Storyteller Overland,False
1572106581,uaespaceagency,UAE Space Agency,False
1381674809,issnationallab,ISS National Lab,False
5162610,who,World Health Organization,False
354812686,nasaearth,NASA Earth Observatory,False
2060314814,unclimatechange,UN Climate Change,False
1254997058,houseofhighlights,House of Highlights,False
1321128742,tristanrid,Tristan Ridley,False
404490115,worldtriathlon,World Triathlon,False
1045453895,appalachiantrail,Appalachian Trail Conservancy,False
236803608,christianmccaffrey,Christian McCaffrey,False
315665038,ghincapie,George Hincapie,False
1281886506,propertybrothers,Property Brothers üè°üî®,False
28473942,jimmyfallon,Jimmy Fallon,False
513309567,onlyeasyday,Only Easy Day - US Navy SEALs,False
209077519,johnkbates,Leadership Communication Adept,False
13080973278,astromichaelcollins,Michael Collins,False
1429881317,apolloprogram,Jay,False
7968655850,reinvestsuccess,Charlie Cameron,True
30091045,lelandmelvin,Leland Melvin,False
19511341806,jonnykimusa,Jonny Kim,False
9729644846,whoburg,Woody Hoburg,False
4092263381,astro_jessica,Jessica Meir,False
1914013868,matthew.dominick,Matthew Dominick,False
7059434337,astro_raja,NASA Astronaut Raja Chari,False
5664743403,astro_kutryk,Joshua Kutryk,False
5608777128,astrojaws,Jasmin Moghbeli,False
5662941460,astro_jenni,Dr. Jenni Sidey-Gibbons,False
14191313041,astro_watkins,Jessica Watkins,False
234154779,gccassidy,Grace,False
456536805,nflfilms,NFL Films,False
5216381911,vanclans,Van Clan,False
297604134,teslamotors,Tesla,False
206034174,shaq,DR. SHAQUILLE O'NEAL Ed.D.,False
1547775030,deionsanders,COACH PRIME,False
4910987698,retrospaceimage,RetroSpaceImages,False
7203080199,astro_kayla,Kayla Barron,False
559235194,drewbrees,Drew Brees,False
42885671,diogoferreirafit,Diogo Ferreira,False
241411040,letourdefrance,Tour de France√¢‚Äû¬¢,False
2155196028,earthoutdoors,Earth Outdoors,False
2120277845,roamtheplanet,ROAM THE PLANET,False
179819190,navyfederal,Navy Federal Credit Union,False
1684126013,nationalparkservice,National Park Service,False
232192182,therock,therock,False
8296000,hgtv,HGTV,False
975209657,garysinisefoundation,Gary Sinise Foundation,False
2288410,theuso,USO,False
230880065,usaa,USAA,False
2207648776,billcgreen,Bill Green,False
2898593226,strava,Strava,False
3248413842,overlandvehicles,Van Life Projects,False
2029544009,exclusive_outfitters,Exclusive Outfitters,False
2211538156,astro_christina,Christina Hammock Koch,False
8783763777,astro.doug,NASA Astronaut Doug Hurley,False
324599988,stephencurry30,Wardell Curry,False
351564405,kobebryant,Kobe Bryant,False
274480326,jordanspieth,Jordan Spieth,False
10206720,barackobama,Barack Obama,False
482541692,officialajhawk,AJ Hawk,False
211890100,trayfour,Ray Allen,False
217862766,larryfitzgerald,Larry Fitzgerald,False
2256482203,vanlife_roadmap,Van Life Conversions,False
8518528060,astrohague,NASA Astronaut Nick Hague,False
1453639798,thezoomflash,Bill Stafford,True
1090236905,neildiamond,Neil Diamond,False
3644677982,kipchogeeliud,Eliud Kipchoge - EGHüá∞üá™,False
143773781,gillettestadium,Gillette Stadium,False
1836162576,23patrickchung,Patrick Chung,False
20173048,mccourtytwins,Jason+Devin McCourty,False
20075214,sweetfeet,James White,False
5793634917,tedybruschi,Tedy Bruschi,False
8542618042,regatta_fitness,Regatta Fitness,False
8470428372,astro_cassada,NASA Astronaut Josh Cassada,False
6973873139,astro_alneyadi,Sultan Al Neyadi,False
2000025983,mbrspacecentre,√ô‚Ä¶√ò¬±√ô∆í√ò¬≤ √ô‚Ä¶√ò¬≠√ô‚Ä¶√ò¬Ø √ò¬®√ô‚Ä† √ò¬±√ò¬ß√ò¬¥√ò¬Ø √ô‚Äû√ô‚Äû√ô√ò¬∂√ò¬ß√ò¬° MBRSC,False
8407171098,astro_hazzaa,Hazzaa AlMansoori,False
6130050674,uaeastronauts,UAE Astronaut Programme,True
55492888,tucareines,Tuca Reine√ås,False
1591672100,lola_pawsitivity,Lola,False
51153221,carl.linus.wessman,Linus Wessman,False
1149718233,jimbridenstine,Jim Bridenstine,False
215712317,richardbranson,Richard Branson,False
2860770306,astromikemassimino,Mike Massimino,False
46141067,pgatour,PGA TOUR,False
7654712462,ussocom,USSOCOM,False
43097652,kylemaynard,Kyle Maynard,False
320152287,stewsmith50,Stew Smith CSCS,False
5828850083,astro_alex_esa,Alexander Gerst,False
238426677,united,United Airlines,False
8328756214,nasaastronauts,NASA Astronauts,False
1998826538,astrodocscott,Scott Parazynski,False
50890527,houstonrockets,Houston Rockets,False
4265844763,astrokomrade,NASA Astronaut Randy Bresnik,False
3063601592,astro_tim,Tim Kopra,False
1496020093,stationcdrkelly,SCOTT KELLY,False
3071167,andersoncooper,Anderson Cooper,False
204655155,andersoncooper360,Anderson Cooper 360,False
12992325,usatoday,USA TODAY,False
1517077572,cern,CERN,False
5138818,60minutes,60 Minutes,False
34190130,mitpics,MIT,False
3088553487,lbjhistory,LeBron History,False
176934117,petekoch,Pete Koch,False
5556652866,devgrupics,NSWDG/TF Blue/SEAL Team 6,False
181694238,bodybuildingcom,Bodybuilding.com,False
1466113817,patsperfect,New England Patriots Fan Page,False
414805671,natgeoadventure,National Geographic Adventure,False
23947096,natgeotravel,National Geographic Travel,False
1385204914,history,HISTORY,False
1104426670,nasaartemis,NASA Artemis,False
209162595,physicsfun,physicsfun,False
5907059434,huskichocolate,Huski Chocolate üåç,False
1615166749,vitruvianmask_,,True
1643242726,climatereality,Climate Reality,False
1651393676,nasaclimatechange,NASA Climate Change,False
373961533,rainforestalliance,Rainforest Alliance,False
561009264,discovery,Discovery,False
201115954,rei,REI,False
1144243130,rainforestactionnetwork,Rainforest Action Network,False
494433377,saveourseasfoundation,Save Our Seas Foundation,False
1074173995,giveclearwater,ClearWater,False
1420811656,sealegacy,SeaLegacy,False
184644748,cp3,Chris Paul,False
1345963153,religionofsports,Religion of Sports,False
3236631034,astrodavids,David Saint-Jacques,False
218379873,popularmechanics,Popular Mechanics Magazine,False
6066468665,governorgeneralcanada,Governor General of Canada,False
6942082963,astrodrewmorgan,NASA Astronaut Andrew Morgan,False
3645889520,astro_maker,Scott Tingle,False
21093544,ingallsimages,Bill Ingalls,False
549403870,nasakennedy,NASA's Kennedy Space Center,False
4261771978,astro_feustel,NASA Astronaut Drew Feustel,False
28716558,spacecenterhou,Space Center Houston,False
673882723,nasajohnson,NASA Johnson Space Center,False
5307032,fabinhomendonca,Fabio Mendon√É¬ßa,False
7524664134,osvaldostella.terra,Osvaldo Stella Martins,False
3544528924,davidgoggins,David Goggins,False
352438550,marcusluttrell,Marcus Luttrell,False
649327964,navysealfoundation,Navy SEAL Foundation,False
1182421409,navyudtsealmuseum,National Navy UDT SEAL Museum,False
1443608180,usnavalacademy,United States Naval Academy,False
3152631628,boeing,The Boeing Company,False
28902942,gopro,GoPro,False
3131409071,usnhistory,,False
38940134,statedept,U.S. Department of State,False
2010155245,usnavyaircraftcarriers,U.S. Navy Aircraft Carriers,False
787132,natgeo,National Geographic,False
608645831,militarytimes,Military Times,False
20311520,spacex,SpaceX,False
328257093,usnavyblueangels,U.S. Navy Blue Angels,False
542835249,deptofdefense,,False
251836205,sealsglobal,NAVY SEALs | #LLTB,False
505666001,usnavy,US Navy,False
23873786,ironmantri,IRONMAN Triathlon,False
14395379,rozier,Elchum Rozier,False
348955230,mac_bz,Malcolm CB Butler,False
19410587,kingjames,üëë,False
834466494,brettfavre,Brett Favre,False
475707034,rcobb18,Randall Cobb,False
315690967,packers,Green Bay Packers,False
5522394820,aaronrodgers12,Aaron Rodgers,False
205593849,nfl,NFL,False
20824486,nba,NBA,False
335770150,josealtuve27,Jose Altuve,False
6316816805,georgespringer,George Springer,False
316466577,markwahlberg,Mark Wahlberg,False
505182045,sportscenter,SportsCenter,False
308754634,jjwatt,JJ Watt,False
1320207,espn,ESPN,False
10768203,kyrieirving,K.A.I H√É¬©l√É¬†,False
29849422,_boomtower,Dont'a Hightower,False
16986663,jdevelin,James Develin,False
207238195,thearcher,Brandin Cooks,False
1693684920,nink50,Robert Ninkovich,False
270152960,vincewilfork,VINCE WILFORK,False
41157727,jaytatum0,Jayson TatumüôèüèÄ,False
1606728,celtics,Boston Celtics,False
2009706013,tb12sports,TB12,False
332936971,gisele,Gisele BuÃàndchen,False
227760364,chrishogan_15,Chris Hogan,False
178678013,edelman11,Julian Edelman,False
3041790887,gronk,Rob Gronkowski,False
1665557140,tombrady,Tom Brady,False
467304109,ccapela15,Clint Capela,False
2670583089,nenehilario_42,Nene Hilario,False
3517229058,canadianspaceagency,Canadian Space Agency,False
3443079229,jaxajp,JAXA√Ø¬ºÀÜ√•¬Æ‚Ä°√•¬Æ‚Ñ¢√®ÀÜ¬™√ß¬©¬∫√ß¬†‚Äù√ß¬©¬∂√©‚Äì‚Äπ√ß‚Ñ¢¬∫√¶¬©≈∏√¶¬ß‚Äπ√Ø¬º‚Ä∞,False
1387463011,europeanspaceagency,ESA - European Space Agency,False
555375076,thom_astro,Thomas Pesquet,False
1482438469,colchrishadfield,Chris Hadfield,False
2074163374,astro_kjell,Kjell Lindgren,False
2315448287,astro_timpeake,Tim Peake,False
6112965158,astro_ricky,NASA Astronaut Ricky Arnold,False
3139051678,astro_kimbrough,Shane Kimbrough,False
191090060,astrokarenn,Astronaut Karen Nyberg,False
239274393,pedropaulodiniz09,Pedro Diniz,True
5985775139,pcarruth0215,Peggy Carruthers,True
257174782,cacassidy2015,Chloe Cassidy,True
3862751677,ccassidy_99,colin.c,False
1946305067,moorefound,Moore Foundation,False
1565732704,garminfitness,Garmin Fitness,False
1939080,patriots,New England Patriots,False
528817151,nasa,NASA,False
953293389,iss,International Space Station,False
4301838657,janice_cassidy,Janice Moncsko Cassidy,False
5801184796,transamazon25,TransAmazon +25,False
1490588402,benjaminurmston,Ben Urmston,False
3223964680,_spreadpositivity,Spread Positivity,False
23299911,lucianohuck,Luciano Huck,False
